--------------------------------------------------------
--  파일이 생성됨 - 월요일-10월-31-2022   
--------------------------------------------------------
--------------------------------------------------------
--  DDL for Table BUY
--------------------------------------------------------

  CREATE TABLE "SAMPLEUSER"."BUY" 
   (	"BUY_ID" VARCHAR2(10 BYTE), 
	"BUY_DATETIME" DATE, 
	"BUY_COM_ID" VARCHAR2(10 BYTE)
   ) SEGMENT CREATION IMMEDIATE 
  PCTFREE 10 PCTUSED 40 INITRANS 1 MAXTRANS 255 
 NOCOMPRESS LOGGING
  STORAGE(INITIAL 65536 NEXT 1048576 MINEXTENTS 1 MAXEXTENTS 2147483645
  PCTINCREASE 0 FREELISTS 1 FREELIST GROUPS 1
  BUFFER_POOL DEFAULT FLASH_CACHE DEFAULT CELL_FLASH_CACHE DEFAULT)
  TABLESPACE "USERS" ;
--------------------------------------------------------
--  DDL for Table BUY_COMPANYS
--------------------------------------------------------

  CREATE TABLE "SAMPLEUSER"."BUY_COMPANYS" 
   (	"BC_ID" VARCHAR2(10 BYTE), 
	"BC_NAME" VARCHAR2(100 BYTE), 
	"BC_ADDRESS" VARCHAR2(600 BYTE), 
	"BC_TEL_NUM" VARCHAR2(12 BYTE), 
	"BC_REG_NUM" CHAR(12 BYTE), 
	"BC_OWNWE" VARCHAR2(20 BYTE)
   ) SEGMENT CREATION IMMEDIATE 
  PCTFREE 10 PCTUSED 40 INITRANS 1 MAXTRANS 255 
 NOCOMPRESS LOGGING
  STORAGE(INITIAL 65536 NEXT 1048576 MINEXTENTS 1 MAXEXTENTS 2147483645
  PCTINCREASE 0 FREELISTS 1 FREELIST GROUPS 1
  BUFFER_POOL DEFAULT FLASH_CACHE DEFAULT CELL_FLASH_CACHE DEFAULT)
  TABLESPACE "USERS" ;
--------------------------------------------------------
--  DDL for Table BUY_DETAIL
--------------------------------------------------------

  CREATE TABLE "SAMPLEUSER"."BUY_DETAIL" 
   (	"BUY_ID" VARCHAR2(10 BYTE), 
	"BUY_PROD_ID" VARCHAR2(10 BYTE), 
	"BUY_PROD_QTY" NUMBER(4,0)
   ) SEGMENT CREATION IMMEDIATE 
  PCTFREE 10 PCTUSED 40 INITRANS 1 MAXTRANS 255 
 NOCOMPRESS LOGGING
  STORAGE(INITIAL 65536 NEXT 1048576 MINEXTENTS 1 MAXEXTENTS 2147483645
  PCTINCREASE 0 FREELISTS 1 FREELIST GROUPS 1
  BUFFER_POOL DEFAULT FLASH_CACHE DEFAULT CELL_FLASH_CACHE DEFAULT)
  TABLESPACE "USERS" ;
--------------------------------------------------------
--  DDL for Table PRODUCTS
--------------------------------------------------------

  CREATE TABLE "SAMPLEUSER"."PRODUCTS" 
   (	"PROD_ID" VARCHAR2(10 BYTE), 
	"PROD_NAME" VARCHAR2(100 BYTE), 
	"MANUFACTURER_NAME" VARCHAR2(100 BYTE), 
	"SELL_UNIT_PRICE" NUMBER(8,0), 
	"BUY_UNIT_PRICE" NUMBER(8,0)
   ) SEGMENT CREATION IMMEDIATE 
  PCTFREE 10 PCTUSED 40 INITRANS 1 MAXTRANS 255 
 NOCOMPRESS LOGGING
  STORAGE(INITIAL 65536 NEXT 1048576 MINEXTENTS 1 MAXEXTENTS 2147483645
  PCTINCREASE 0 FREELISTS 1 FREELIST GROUPS 1
  BUFFER_POOL DEFAULT FLASH_CACHE DEFAULT CELL_FLASH_CACHE DEFAULT)
  TABLESPACE "USERS" ;
--------------------------------------------------------
--  DDL for Table SALES
--------------------------------------------------------

  CREATE TABLE "SAMPLEUSER"."SALES" 
   (	"SALES_ID" VARCHAR2(10 BYTE), 
	"SALES_DATETIME" DATE
   ) SEGMENT CREATION IMMEDIATE 
  PCTFREE 10 PCTUSED 40 INITRANS 1 MAXTRANS 255 
 NOCOMPRESS LOGGING
  STORAGE(INITIAL 65536 NEXT 1048576 MINEXTENTS 1 MAXEXTENTS 2147483645
  PCTINCREASE 0 FREELISTS 1 FREELIST GROUPS 1
  BUFFER_POOL DEFAULT FLASH_CACHE DEFAULT CELL_FLASH_CACHE DEFAULT)
  TABLESPACE "USERS" ;
--------------------------------------------------------
--  DDL for Table SALES_DETAIL
--------------------------------------------------------

  CREATE TABLE "SAMPLEUSER"."SALES_DETAIL" 
   (	"SALES_ID" VARCHAR2(10 BYTE), 
	"SALES_PROD_ID" VARCHAR2(10 BYTE), 
	"SALES_PROD_QTY" NUMBER(4,0)
   ) SEGMENT CREATION IMMEDIATE 
  PCTFREE 10 PCTUSED 40 INITRANS 1 MAXTRANS 255 
 NOCOMPRESS LOGGING
  STORAGE(INITIAL 65536 NEXT 1048576 MINEXTENTS 1 MAXEXTENTS 2147483645
  PCTINCREASE 0 FREELISTS 1 FREELIST GROUPS 1
  BUFFER_POOL DEFAULT FLASH_CACHE DEFAULT CELL_FLASH_CACHE DEFAULT)
  TABLESPACE "USERS" ;
REM INSERTING into SAMPLEUSER.BUY
SET DEFINE OFF;
Insert into SAMPLEUSER.BUY (BUY_ID,BUY_DATETIME,BUY_COM_ID) values ('B1',to_date('2022/02/20','YYYY/MM/DD'),'M1');
Insert into SAMPLEUSER.BUY (BUY_ID,BUY_DATETIME,BUY_COM_ID) values ('B2',to_date('2022/02/20','YYYY/MM/DD'),'M3');
Insert into SAMPLEUSER.BUY (BUY_ID,BUY_DATETIME,BUY_COM_ID) values ('B3',to_date('2022/02/20','YYYY/MM/DD'),'M4');
Insert into SAMPLEUSER.BUY (BUY_ID,BUY_DATETIME,BUY_COM_ID) values ('B4',to_date('2022/02/20','YYYY/MM/DD'),'M5');
Insert into SAMPLEUSER.BUY (BUY_ID,BUY_DATETIME,BUY_COM_ID) values ('B5',to_date('2022/02/21','YYYY/MM/DD'),'M1');
Insert into SAMPLEUSER.BUY (BUY_ID,BUY_DATETIME,BUY_COM_ID) values ('B6',to_date('2022/02/22','YYYY/MM/DD'),'M6');
REM INSERTING into SAMPLEUSER.BUY_COMPANYS
SET DEFINE OFF;
Insert into SAMPLEUSER.BUY_COMPANYS (BC_ID,BC_NAME,BC_ADDRESS,BC_TEL_NUM,BC_REG_NUM,BC_OWNWE) values ('M1','서울우유 구로동 총판','구로동24','111-222-3333','123-45-12356','홍길동');
Insert into SAMPLEUSER.BUY_COMPANYS (BC_ID,BC_NAME,BC_ADDRESS,BC_TEL_NUM,BC_REG_NUM,BC_OWNWE) values ('M2','남양유업 구로동 총판','구로동35','222-333-4444','321-54-87643','이순신');
Insert into SAMPLEUSER.BUY_COMPANYS (BC_ID,BC_NAME,BC_ADDRESS,BC_TEL_NUM,BC_REG_NUM,BC_OWNWE) values ('M3','해테제과 구로동 총판','시흥대로133','333-444-4444','123-67-89067','이순신');
Insert into SAMPLEUSER.BUY_COMPANYS (BC_ID,BC_NAME,BC_ADDRESS,BC_TEL_NUM,BC_REG_NUM,BC_OWNWE) values ('M4','말보르 구로동 총판','구로동25','123-456-7890','143-78-12456','슈퍼맨');
Insert into SAMPLEUSER.BUY_COMPANYS (BC_ID,BC_NAME,BC_ADDRESS,BC_TEL_NUM,BC_REG_NUM,BC_OWNWE) values ('M5','동서식품 구로동 총판','구로동12','555-555-5555','555-55-55555','김유신');
Insert into SAMPLEUSER.BUY_COMPANYS (BC_ID,BC_NAME,BC_ADDRESS,BC_TEL_NUM,BC_REG_NUM,BC_OWNWE) values ('M6','동아제약 판매점','구로동13','666-666-6666','666-66-66666','강감찬');
REM INSERTING into SAMPLEUSER.BUY_DETAIL
SET DEFINE OFF;
Insert into SAMPLEUSER.BUY_DETAIL (BUY_ID,BUY_PROD_ID,BUY_PROD_QTY) values ('B1','A1',10);
Insert into SAMPLEUSER.BUY_DETAIL (BUY_ID,BUY_PROD_ID,BUY_PROD_QTY) values ('B1','A5',10);
Insert into SAMPLEUSER.BUY_DETAIL (BUY_ID,BUY_PROD_ID,BUY_PROD_QTY) values ('B3','A7',10);
Insert into SAMPLEUSER.BUY_DETAIL (BUY_ID,BUY_PROD_ID,BUY_PROD_QTY) values ('B2','A2',5);
Insert into SAMPLEUSER.BUY_DETAIL (BUY_ID,BUY_PROD_ID,BUY_PROD_QTY) values ('B4','A8',5);
Insert into SAMPLEUSER.BUY_DETAIL (BUY_ID,BUY_PROD_ID,BUY_PROD_QTY) values ('B5','A1',10);
Insert into SAMPLEUSER.BUY_DETAIL (BUY_ID,BUY_PROD_ID,BUY_PROD_QTY) values ('B6','A3',10);
REM INSERTING into SAMPLEUSER.PRODUCTS
SET DEFINE OFF;
Insert into SAMPLEUSER.PRODUCTS (PROD_ID,PROD_NAME,MANUFACTURER_NAME,SELL_UNIT_PRICE,BUY_UNIT_PRICE) values ('A1','흰우유','서울우유',2000,1000);
Insert into SAMPLEUSER.PRODUCTS (PROD_ID,PROD_NAME,MANUFACTURER_NAME,SELL_UNIT_PRICE,BUY_UNIT_PRICE) values ('A2','짱구2','해태제과',1000,1000);
Insert into SAMPLEUSER.PRODUCTS (PROD_ID,PROD_NAME,MANUFACTURER_NAME,SELL_UNIT_PRICE,BUY_UNIT_PRICE) values ('A3','소화제','동아제약',2400,1000);
Insert into SAMPLEUSER.PRODUCTS (PROD_ID,PROD_NAME,MANUFACTURER_NAME,SELL_UNIT_PRICE,BUY_UNIT_PRICE) values ('A4','흰우유','남양유업',2000,1000);
Insert into SAMPLEUSER.PRODUCTS (PROD_ID,PROD_NAME,MANUFACTURER_NAME,SELL_UNIT_PRICE,BUY_UNIT_PRICE) values ('A5','초코우유','서울우유',2000,1000);
Insert into SAMPLEUSER.PRODUCTS (PROD_ID,PROD_NAME,MANUFACTURER_NAME,SELL_UNIT_PRICE,BUY_UNIT_PRICE) values ('A7','말보르 라이트','말보르',4500,4300);
Insert into SAMPLEUSER.PRODUCTS (PROD_ID,PROD_NAME,MANUFACTURER_NAME,SELL_UNIT_PRICE,BUY_UNIT_PRICE) values ('A8','밀크커피캔','동서식품',1200,1000);
REM INSERTING into SAMPLEUSER.SALES
SET DEFINE OFF;
Insert into SAMPLEUSER.SALES (SALES_ID,SALES_DATETIME) values ('S1',to_date('2022/02/24','YYYY/MM/DD'));
Insert into SAMPLEUSER.SALES (SALES_ID,SALES_DATETIME) values ('S2',to_date('2022/02/24','YYYY/MM/DD'));
REM INSERTING into SAMPLEUSER.SALES_DETAIL
SET DEFINE OFF;
Insert into SAMPLEUSER.SALES_DETAIL (SALES_ID,SALES_PROD_ID,SALES_PROD_QTY) values ('S1','A1',3);
Insert into SAMPLEUSER.SALES_DETAIL (SALES_ID,SALES_PROD_ID,SALES_PROD_QTY) values ('S1','A2',2);
Insert into SAMPLEUSER.SALES_DETAIL (SALES_ID,SALES_PROD_ID,SALES_PROD_QTY) values ('S2','A7',1);
Insert into SAMPLEUSER.SALES_DETAIL (SALES_ID,SALES_PROD_ID,SALES_PROD_QTY) values ('S2','A8',1);
Insert into SAMPLEUSER.SALES_DETAIL (SALES_ID,SALES_PROD_ID,SALES_PROD_QTY) values ('S2','A1',1);
--------------------------------------------------------
--  DDL for Index PK_BUY_BUY_ID
--------------------------------------------------------

  CREATE UNIQUE INDEX "SAMPLEUSER"."PK_BUY_BUY_ID" ON "SAMPLEUSER"."BUY" ("BUY_ID") 
  PCTFREE 10 INITRANS 2 MAXTRANS 255 COMPUTE STATISTICS 
  STORAGE(INITIAL 65536 NEXT 1048576 MINEXTENTS 1 MAXEXTENTS 2147483645
  PCTINCREASE 0 FREELISTS 1 FREELIST GROUPS 1
  BUFFER_POOL DEFAULT FLASH_CACHE DEFAULT CELL_FLASH_CACHE DEFAULT)
  TABLESPACE "USERS" ;
--------------------------------------------------------
--  DDL for Index PK_BUY_COMPANYS_ID
--------------------------------------------------------

  CREATE UNIQUE INDEX "SAMPLEUSER"."PK_BUY_COMPANYS_ID" ON "SAMPLEUSER"."BUY_COMPANYS" ("BC_ID") 
  PCTFREE 10 INITRANS 2 MAXTRANS 255 COMPUTE STATISTICS 
  STORAGE(INITIAL 65536 NEXT 1048576 MINEXTENTS 1 MAXEXTENTS 2147483645
  PCTINCREASE 0 FREELISTS 1 FREELIST GROUPS 1
  BUFFER_POOL DEFAULT FLASH_CACHE DEFAULT CELL_FLASH_CACHE DEFAULT)
  TABLESPACE "USERS" ;
--------------------------------------------------------
--  DDL for Index PK_PRODUCTS_PROD_ID
--------------------------------------------------------

  CREATE UNIQUE INDEX "SAMPLEUSER"."PK_PRODUCTS_PROD_ID" ON "SAMPLEUSER"."PRODUCTS" ("PROD_ID") 
  PCTFREE 10 INITRANS 2 MAXTRANS 255 COMPUTE STATISTICS 
  STORAGE(INITIAL 65536 NEXT 1048576 MINEXTENTS 1 MAXEXTENTS 2147483645
  PCTINCREASE 0 FREELISTS 1 FREELIST GROUPS 1
  BUFFER_POOL DEFAULT FLASH_CACHE DEFAULT CELL_FLASH_CACHE DEFAULT)
  TABLESPACE "USERS" ;
--------------------------------------------------------
--  DDL for Index PK_PURCHASES_DETAIL
--------------------------------------------------------

  CREATE UNIQUE INDEX "SAMPLEUSER"."PK_PURCHASES_DETAIL" ON "SAMPLEUSER"."BUY_DETAIL" ("BUY_ID", "BUY_PROD_ID") 
  PCTFREE 10 INITRANS 2 MAXTRANS 255 COMPUTE STATISTICS 
  STORAGE(INITIAL 65536 NEXT 1048576 MINEXTENTS 1 MAXEXTENTS 2147483645
  PCTINCREASE 0 FREELISTS 1 FREELIST GROUPS 1
  BUFFER_POOL DEFAULT FLASH_CACHE DEFAULT CELL_FLASH_CACHE DEFAULT)
  TABLESPACE "USERS" ;
--------------------------------------------------------
--  DDL for Index PK_SALES_DETAIL
--------------------------------------------------------

  CREATE UNIQUE INDEX "SAMPLEUSER"."PK_SALES_DETAIL" ON "SAMPLEUSER"."SALES_DETAIL" ("SALES_ID", "SALES_PROD_ID") 
  PCTFREE 10 INITRANS 2 MAXTRANS 255 COMPUTE STATISTICS 
  STORAGE(INITIAL 65536 NEXT 1048576 MINEXTENTS 1 MAXEXTENTS 2147483645
  PCTINCREASE 0 FREELISTS 1 FREELIST GROUPS 1
  BUFFER_POOL DEFAULT FLASH_CACHE DEFAULT CELL_FLASH_CACHE DEFAULT)
  TABLESPACE "USERS" ;
--------------------------------------------------------
--  DDL for Index PK_SALES_ID
--------------------------------------------------------

  CREATE UNIQUE INDEX "SAMPLEUSER"."PK_SALES_ID" ON "SAMPLEUSER"."SALES" ("SALES_ID") 
  PCTFREE 10 INITRANS 2 MAXTRANS 255 COMPUTE STATISTICS 
  STORAGE(INITIAL 65536 NEXT 1048576 MINEXTENTS 1 MAXEXTENTS 2147483645
  PCTINCREASE 0 FREELISTS 1 FREELIST GROUPS 1
  BUFFER_POOL DEFAULT FLASH_CACHE DEFAULT CELL_FLASH_CACHE DEFAULT)
  TABLESPACE "USERS" ;
--------------------------------------------------------
--  DDL for Index UK_BC_NAME
--------------------------------------------------------

  CREATE UNIQUE INDEX "SAMPLEUSER"."UK_BC_NAME" ON "SAMPLEUSER"."BUY_COMPANYS" ("BC_NAME") 
  PCTFREE 10 INITRANS 2 MAXTRANS 255 COMPUTE STATISTICS 
  STORAGE(INITIAL 65536 NEXT 1048576 MINEXTENTS 1 MAXEXTENTS 2147483645
  PCTINCREASE 0 FREELISTS 1 FREELIST GROUPS 1
  BUFFER_POOL DEFAULT FLASH_CACHE DEFAULT CELL_FLASH_CACHE DEFAULT)
  TABLESPACE "USERS" ;
--------------------------------------------------------
--  DDL for Index UK_BC_REG_NUM
--------------------------------------------------------

  CREATE UNIQUE INDEX "SAMPLEUSER"."UK_BC_REG_NUM" ON "SAMPLEUSER"."BUY_COMPANYS" ("BC_REG_NUM") 
  PCTFREE 10 INITRANS 2 MAXTRANS 255 COMPUTE STATISTICS 
  STORAGE(INITIAL 65536 NEXT 1048576 MINEXTENTS 1 MAXEXTENTS 2147483645
  PCTINCREASE 0 FREELISTS 1 FREELIST GROUPS 1
  BUFFER_POOL DEFAULT FLASH_CACHE DEFAULT CELL_FLASH_CACHE DEFAULT)
  TABLESPACE "USERS" ;
--------------------------------------------------------
--  DDL for Index UK_BC_TEL_NUM
--------------------------------------------------------

  CREATE UNIQUE INDEX "SAMPLEUSER"."UK_BC_TEL_NUM" ON "SAMPLEUSER"."BUY_COMPANYS" ("BC_TEL_NUM") 
  PCTFREE 10 INITRANS 2 MAXTRANS 255 COMPUTE STATISTICS 
  STORAGE(INITIAL 65536 NEXT 1048576 MINEXTENTS 1 MAXEXTENTS 2147483645
  PCTINCREASE 0 FREELISTS 1 FREELIST GROUPS 1
  BUFFER_POOL DEFAULT FLASH_CACHE DEFAULT CELL_FLASH_CACHE DEFAULT)
  TABLESPACE "USERS" ;
--------------------------------------------------------
--  DDL for Index PK_BUY_BUY_ID
--------------------------------------------------------

  CREATE UNIQUE INDEX "SAMPLEUSER"."PK_BUY_BUY_ID" ON "SAMPLEUSER"."BUY" ("BUY_ID") 
  PCTFREE 10 INITRANS 2 MAXTRANS 255 COMPUTE STATISTICS 
  STORAGE(INITIAL 65536 NEXT 1048576 MINEXTENTS 1 MAXEXTENTS 2147483645
  PCTINCREASE 0 FREELISTS 1 FREELIST GROUPS 1
  BUFFER_POOL DEFAULT FLASH_CACHE DEFAULT CELL_FLASH_CACHE DEFAULT)
  TABLESPACE "USERS" ;
--------------------------------------------------------
--  DDL for Index PK_BUY_COMPANYS_ID
--------------------------------------------------------

  CREATE UNIQUE INDEX "SAMPLEUSER"."PK_BUY_COMPANYS_ID" ON "SAMPLEUSER"."BUY_COMPANYS" ("BC_ID") 
  PCTFREE 10 INITRANS 2 MAXTRANS 255 COMPUTE STATISTICS 
  STORAGE(INITIAL 65536 NEXT 1048576 MINEXTENTS 1 MAXEXTENTS 2147483645
  PCTINCREASE 0 FREELISTS 1 FREELIST GROUPS 1
  BUFFER_POOL DEFAULT FLASH_CACHE DEFAULT CELL_FLASH_CACHE DEFAULT)
  TABLESPACE "USERS" ;
--------------------------------------------------------
--  DDL for Index UK_BC_NAME
--------------------------------------------------------

  CREATE UNIQUE INDEX "SAMPLEUSER"."UK_BC_NAME" ON "SAMPLEUSER"."BUY_COMPANYS" ("BC_NAME") 
  PCTFREE 10 INITRANS 2 MAXTRANS 255 COMPUTE STATISTICS 
  STORAGE(INITIAL 65536 NEXT 1048576 MINEXTENTS 1 MAXEXTENTS 2147483645
  PCTINCREASE 0 FREELISTS 1 FREELIST GROUPS 1
  BUFFER_POOL DEFAULT FLASH_CACHE DEFAULT CELL_FLASH_CACHE DEFAULT)
  TABLESPACE "USERS" ;
--------------------------------------------------------
--  DDL for Index UK_BC_TEL_NUM
--------------------------------------------------------

  CREATE UNIQUE INDEX "SAMPLEUSER"."UK_BC_TEL_NUM" ON "SAMPLEUSER"."BUY_COMPANYS" ("BC_TEL_NUM") 
  PCTFREE 10 INITRANS 2 MAXTRANS 255 COMPUTE STATISTICS 
  STORAGE(INITIAL 65536 NEXT 1048576 MINEXTENTS 1 MAXEXTENTS 2147483645
  PCTINCREASE 0 FREELISTS 1 FREELIST GROUPS 1
  BUFFER_POOL DEFAULT FLASH_CACHE DEFAULT CELL_FLASH_CACHE DEFAULT)
  TABLESPACE "USERS" ;
--------------------------------------------------------
--  DDL for Index UK_BC_REG_NUM
--------------------------------------------------------

  CREATE UNIQUE INDEX "SAMPLEUSER"."UK_BC_REG_NUM" ON "SAMPLEUSER"."BUY_COMPANYS" ("BC_REG_NUM") 
  PCTFREE 10 INITRANS 2 MAXTRANS 255 COMPUTE STATISTICS 
  STORAGE(INITIAL 65536 NEXT 1048576 MINEXTENTS 1 MAXEXTENTS 2147483645
  PCTINCREASE 0 FREELISTS 1 FREELIST GROUPS 1
  BUFFER_POOL DEFAULT FLASH_CACHE DEFAULT CELL_FLASH_CACHE DEFAULT)
  TABLESPACE "USERS" ;
--------------------------------------------------------
--  DDL for Index PK_PURCHASES_DETAIL
--------------------------------------------------------

  CREATE UNIQUE INDEX "SAMPLEUSER"."PK_PURCHASES_DETAIL" ON "SAMPLEUSER"."BUY_DETAIL" ("BUY_ID", "BUY_PROD_ID") 
  PCTFREE 10 INITRANS 2 MAXTRANS 255 COMPUTE STATISTICS 
  STORAGE(INITIAL 65536 NEXT 1048576 MINEXTENTS 1 MAXEXTENTS 2147483645
  PCTINCREASE 0 FREELISTS 1 FREELIST GROUPS 1
  BUFFER_POOL DEFAULT FLASH_CACHE DEFAULT CELL_FLASH_CACHE DEFAULT)
  TABLESPACE "USERS" ;
--------------------------------------------------------
--  DDL for Index PK_PRODUCTS_PROD_ID
--------------------------------------------------------

  CREATE UNIQUE INDEX "SAMPLEUSER"."PK_PRODUCTS_PROD_ID" ON "SAMPLEUSER"."PRODUCTS" ("PROD_ID") 
  PCTFREE 10 INITRANS 2 MAXTRANS 255 COMPUTE STATISTICS 
  STORAGE(INITIAL 65536 NEXT 1048576 MINEXTENTS 1 MAXEXTENTS 2147483645
  PCTINCREASE 0 FREELISTS 1 FREELIST GROUPS 1
  BUFFER_POOL DEFAULT FLASH_CACHE DEFAULT CELL_FLASH_CACHE DEFAULT)
  TABLESPACE "USERS" ;
--------------------------------------------------------
--  DDL for Index PK_SALES_ID
--------------------------------------------------------

  CREATE UNIQUE INDEX "SAMPLEUSER"."PK_SALES_ID" ON "SAMPLEUSER"."SALES" ("SALES_ID") 
  PCTFREE 10 INITRANS 2 MAXTRANS 255 COMPUTE STATISTICS 
  STORAGE(INITIAL 65536 NEXT 1048576 MINEXTENTS 1 MAXEXTENTS 2147483645
  PCTINCREASE 0 FREELISTS 1 FREELIST GROUPS 1
  BUFFER_POOL DEFAULT FLASH_CACHE DEFAULT CELL_FLASH_CACHE DEFAULT)
  TABLESPACE "USERS" ;
--------------------------------------------------------
--  DDL for Index PK_SALES_DETAIL
--------------------------------------------------------

  CREATE UNIQUE INDEX "SAMPLEUSER"."PK_SALES_DETAIL" ON "SAMPLEUSER"."SALES_DETAIL" ("SALES_ID", "SALES_PROD_ID") 
  PCTFREE 10 INITRANS 2 MAXTRANS 255 COMPUTE STATISTICS 
  STORAGE(INITIAL 65536 NEXT 1048576 MINEXTENTS 1 MAXEXTENTS 2147483645
  PCTINCREASE 0 FREELISTS 1 FREELIST GROUPS 1
  BUFFER_POOL DEFAULT FLASH_CACHE DEFAULT CELL_FLASH_CACHE DEFAULT)
  TABLESPACE "USERS" ;
--------------------------------------------------------
--  Constraints for Table BUY
--------------------------------------------------------

  ALTER TABLE "SAMPLEUSER"."BUY" MODIFY ("BUY_DATETIME" CONSTRAINT "NN_BUY_DATETIME" NOT NULL ENABLE);
  ALTER TABLE "SAMPLEUSER"."BUY" MODIFY ("BUY_COM_ID" CONSTRAINT "NN_BUY_COM_ID" NOT NULL ENABLE);
  ALTER TABLE "SAMPLEUSER"."BUY" ADD CONSTRAINT "PK_BUY_BUY_ID" PRIMARY KEY ("BUY_ID")
  USING INDEX PCTFREE 10 INITRANS 2 MAXTRANS 255 COMPUTE STATISTICS 
  STORAGE(INITIAL 65536 NEXT 1048576 MINEXTENTS 1 MAXEXTENTS 2147483645
  PCTINCREASE 0 FREELISTS 1 FREELIST GROUPS 1
  BUFFER_POOL DEFAULT FLASH_CACHE DEFAULT CELL_FLASH_CACHE DEFAULT)
  TABLESPACE "USERS"  ENABLE;
--------------------------------------------------------
--  Constraints for Table BUY_COMPANYS
--------------------------------------------------------

  ALTER TABLE "SAMPLEUSER"."BUY_COMPANYS" ADD CONSTRAINT "PK_BUY_COMPANYS_ID" PRIMARY KEY ("BC_ID")
  USING INDEX "SAMPLEUSER"."PK_BUY_COMPANYS_ID"  ENABLE;
  ALTER TABLE "SAMPLEUSER"."BUY_COMPANYS" MODIFY ("BC_NAME" CONSTRAINT "NN_BC_NAME" NOT NULL ENABLE);
  ALTER TABLE "SAMPLEUSER"."BUY_COMPANYS" MODIFY ("BC_TEL_NUM" CONSTRAINT "NN_BC_TEL_NUM" NOT NULL ENABLE);
  ALTER TABLE "SAMPLEUSER"."BUY_COMPANYS" ADD CONSTRAINT "UK_BC_NAME" UNIQUE ("BC_NAME")
  USING INDEX "SAMPLEUSER"."UK_BC_NAME"  ENABLE;
  ALTER TABLE "SAMPLEUSER"."BUY_COMPANYS" ADD CONSTRAINT "UK_BC_TEL_NUM" UNIQUE ("BC_TEL_NUM")
  USING INDEX "SAMPLEUSER"."UK_BC_TEL_NUM"  ENABLE;
  ALTER TABLE "SAMPLEUSER"."BUY_COMPANYS" ADD CONSTRAINT "UK_BC_REG_NUM" UNIQUE ("BC_REG_NUM")
  USING INDEX "SAMPLEUSER"."UK_BC_REG_NUM"  ENABLE;
  ALTER TABLE "SAMPLEUSER"."BUY_COMPANYS" MODIFY ("BC_REG_NUM" CONSTRAINT "NN_BC_REG_NUM" NOT NULL ENABLE);
--------------------------------------------------------
--  Constraints for Table BUY_DETAIL
--------------------------------------------------------

  ALTER TABLE "SAMPLEUSER"."BUY_DETAIL" ADD CONSTRAINT "PK_PURCHASES_DETAIL" PRIMARY KEY ("BUY_ID", "BUY_PROD_ID")
  USING INDEX "SAMPLEUSER"."PK_PURCHASES_DETAIL"  ENABLE;
  ALTER TABLE "SAMPLEUSER"."BUY_DETAIL" MODIFY ("BUY_PROD_QTY" CONSTRAINT "NN_BUY_PROD_QTY" NOT NULL ENABLE);
--------------------------------------------------------
--  Constraints for Table PRODUCTS
--------------------------------------------------------

  ALTER TABLE "SAMPLEUSER"."PRODUCTS" MODIFY ("PROD_NAME" CONSTRAINT "NN_PRODUCTS_NAME" NOT NULL ENABLE);
  ALTER TABLE "SAMPLEUSER"."PRODUCTS" MODIFY ("MANUFACTURER_NAME" NOT NULL ENABLE);
  ALTER TABLE "SAMPLEUSER"."PRODUCTS" MODIFY ("SELL_UNIT_PRICE" CONSTRAINT "NN_SELL_UP" NOT NULL ENABLE);
  ALTER TABLE "SAMPLEUSER"."PRODUCTS" MODIFY ("BUY_UNIT_PRICE" CONSTRAINT "NN_BUY_UP" NOT NULL ENABLE);
  ALTER TABLE "SAMPLEUSER"."PRODUCTS" ADD CONSTRAINT "PK_PRODUCTS_PROD_ID" PRIMARY KEY ("PROD_ID")
  USING INDEX "SAMPLEUSER"."PK_PRODUCTS_PROD_ID"  ENABLE;
--------------------------------------------------------
--  Constraints for Table SALES
--------------------------------------------------------

  ALTER TABLE "SAMPLEUSER"."SALES" ADD CONSTRAINT "PK_SALES_ID" PRIMARY KEY ("SALES_ID")
  USING INDEX "SAMPLEUSER"."PK_SALES_ID"  ENABLE;
  ALTER TABLE "SAMPLEUSER"."SALES" MODIFY ("SALES_DATETIME" CONSTRAINT "NN_SALE_DATETIME" NOT NULL ENABLE);
--------------------------------------------------------
--  Constraints for Table SALES_DETAIL
--------------------------------------------------------

  ALTER TABLE "SAMPLEUSER"."SALES_DETAIL" ADD CONSTRAINT "PK_SALES_DETAIL" PRIMARY KEY ("SALES_ID", "SALES_PROD_ID")
  USING INDEX "SAMPLEUSER"."PK_SALES_DETAIL"  ENABLE;
  ALTER TABLE "SAMPLEUSER"."SALES_DETAIL" MODIFY ("SALES_PROD_QTY" CONSTRAINT "NN_SALE_PROD_QTY" NOT NULL ENABLE);
--------------------------------------------------------
--  Ref Constraints for Table BUY_DETAIL
--------------------------------------------------------

  ALTER TABLE "SAMPLEUSER"."BUY_DETAIL" ADD CONSTRAINT "FK_BUY_ID" FOREIGN KEY ("BUY_ID")
	  REFERENCES "SAMPLEUSER"."BUY" ("BUY_ID") ENABLE;
  ALTER TABLE "SAMPLEUSER"."BUY_DETAIL" ADD CONSTRAINT "FK_BUY_PROD_ID" FOREIGN KEY ("BUY_PROD_ID")
	  REFERENCES "SAMPLEUSER"."PRODUCTS" ("PROD_ID") ENABLE;
--------------------------------------------------------
--  Ref Constraints for Table SALES_DETAIL
--------------------------------------------------------

  ALTER TABLE "SAMPLEUSER"."SALES_DETAIL" ADD CONSTRAINT "FK_SALE_PROD_ID" FOREIGN KEY ("SALES_PROD_ID")
	  REFERENCES "SAMPLEUSER"."PRODUCTS" ("PROD_ID") ENABLE;
  ALTER TABLE "SAMPLEUSER"."SALES_DETAIL" ADD CONSTRAINT "FK_SALE_ID" FOREIGN KEY ("SALES_ID")
	  REFERENCES "SAMPLEUSER"."SALES" ("SALES_ID") ENABLE;
